"zhCN","zhTW","en","ja","ko","Key"
"助记词（备选)","助記詞（備選)","Mnemonic（Alternatives)","バックアップ助詞（代替品）","보조어","importFixTitle"
"仅针对旧版本单链助记词的导入","僅針對舊版本單鏈助記詞的導入","Only Target For Previous Version Single Chain Mnemonic Word Import","旧バージョン1本鎖助数詞のみの導入","이전 버전 단일 체인 연상어만 가져오기","importFixDesc"
"系统检测到您在旧版钱包存在私钥数据，是否导入到新版钱包？","系統檢測到您在舊版錢包存在私鑰數據，是否導入到新版錢包？","System have found private key data stored in your previous version of wallet, do you want to import new wallet?","システムはあなたが古いウォレットにプライベートキーデータが存在することを検出しましたが、新しいウォレットに導入されますか？","시스템에서 이전 지갑에 개인 키 데이터가 있음을 감지했습니다. 새 지갑으로 가져오시겠습니까?","databaseUpdateTip"
"立刻导入","立刻導入","Immediately Import","すぐ導入する","지금 가져오기","importRightNow"
"清除数据","清除數據","Clear Data","データを消去する","수를 지우다.","clearData"
"链接已复制到剪切板","鏈接已復製到剪切板","The link has been copied to the clipboard","リンクはカットボードにコピーされました","링크가 클립보드로 복사됨","copyToClipboardAndOpenBrowser"
"无法连接服务器，请检查网络","無法連接服務器，請檢查網絡","Unable to connect to the server, please check the network","サーバーに接続できませんので、インターネットをチェックしてください","서버에 연결할 수 없습니다. 네트워크를 확인하십시오.","unableconnectserver"
"矿工费太低","礦工費太低","The gas fee is too low","鉱工業費が低すぎる","광부비가 너무 낮다.","gasistoolow"
"恢复","恢復","Restore","復元","회복","recovery"
"未知","未知","Unknown","未知","미지","unknown"
"请选择网络","請選擇網絡","Please select network","ネットワークを選択してください","네트워크 선택","pleaseSelectANetwork"
"添加网络是HD身份钱包的亮点功能，它可以将用户的同一套助记词复用到其它区块链网络，生成私钥和地址。新增钱包的名称和密码与身份钱包相同。","添加網絡是HD身份錢包的亮點功能，它可以將用戶的同一套助記詞複用到其它區塊鏈網絡，生成私密金鑰和地址。 新增錢包的名稱和密碼與身份錢包相同。","Adding network is the highlight function of HD identity wallet. It can reuse the same set of mnemonics of users to other blockchain networks to generate private keys and addresses. The name and password of the new wallet are the same as the identity wallet.","ネットワーク追加は、HD識別ウォレットのハイライト機能であり、ユーザの同じセットのニーモニックコードを他のブロックチェーンネットワークに使って、プライベートキーとアドレスを生成することができる。ウォレットの名前とパスワードはアイデンティティウォレットと同じです。","네트워크 를 추가 하 는 것 은 HD 신분 지갑 의 하 이 라이트 기능 으로 사용자 의 같은 보조 단 어 를 다른 블록 체인 네트워크 에 재 활용 하여 비밀 키 와 주 소 를 생 성 할 수 있 습 니 다.새로 추 가 된 지갑 의 이름과 비밀 번 호 는 신분 지갑 과 같 습 니 다.","addingNetworkIsTheHighlightFunctionOfHDIdentityWalletItCanReuseTheSameSetOfMnemonicsOfUsersToOtherBlockchainNetworksToGeneratePrivateKeysAndAddressesTheNameAndPasswordOfTheNewWalletAreTheSameAsTheIdentityWallet"
"该DAPP只支持{}链，
您尚未拥有{}钱包，是否添加钱包？","該DAPP只支持{}鏈，
您尚未擁有{}錢包，是否添加錢包？","This DAPP only supports {} chain, 
 you don't have {} wallet yet. Whether to add wallet ？","このDAPPは{}チェーンだけをサポートしています。
あなたはまだ{}ウォレットを持っていません、ウォレット追加しますか","이 DAPP 는 {} 체인 만 지원 합 니 다. 
 {} 지갑 을 가지 고 있 지 않 습 니 다. 지갑 을 추가 하 시 겠 습 니까?","thisDAPPOnlySupportsChainYouDontHaveWalletYetDoYouWantToAddWallet"
"在线","線上","On-line","オンライン","온라인","online"
"离线","離線","Off-line","オフライン","오프라인","offline"
"打开DAPP","打開DAPP","Open DAPP","DAPPを開く","DAPP 열기","openDAPP"
"点开DAPP右上角的Connect Wallet，选择 WalletConnect；","點開DAPP右上角的Connect Wallet，選擇WalletConnect；","Click Connect wallet in the upper right corner of DAPP and select walletconnect;","DAPPの右上のConnect Walletをつけて、WalletConnectを選択します。","DAPP 오른쪽 상단 에 있 는 Connect Wallet 을 누 르 고 WalletConnect 를 선택 하 십시오.","clickConnectWalletInTheUpperRightCornerOfDAPPAndSelectWalletconnect"
"选择地址","選擇地址","Select Address","アドレスを選択","주소 선택","selectAddress"
"扫描成功后，选择你要连接的地址；","掃描成功後，選擇你要連接的地址；","After scanning succeed, select the address you want to connect;","スキャンに成功したら、接続するアドレスを選択します。","검색 에 성공 한 후 연결 할 주 소 를 선택 하 십시오.","afterSuccessfulScanningSelectTheAddressYouWantToConnect"
"确认连接","確認連接","Confirm Connection","接続の確認","연결 확인","confirmConnection"
"点击“授权连接“，DAPP将得到授权，可直接使用该地址进行转账交易。","點擊“授權連接“，DAPP將得到授權，可直接使用該地址進行轉帳交易。","Click ""Authorized Connection"", DAPP will be authorized to directly use this address for transfer transactions.","「接続を許可する」をクリックすると、DAPPは許可されます。直接にこのアドレスを使って送金取引ができます。","'권한 부여 연결' 을 누 르 면 DAPP 는 이 주 소 를 직접 이용 해 계좌 이체 거래 를 할 수 있 는 권한 을 부여 받는다.","clickAuthorizedConnectionDAPPWillBeAuthorizedToDirectlyUseThisAddressForTransferTransactions"
"请求连接","請求連接","Connection Request","接続を要求","연결 요청","requestConnection"
"权限","許可權","Authorization","パーミッション","권한","jurisdiction"
"允许查看地址余额和链上信息","允許查看地址餘額和鏈上資訊","Allows you to check balances in the address and information on-chain","アドレス残高とチェーン情報の表示を許可します。","주소 잔액 과 체인 정 보 를 볼 수 있 습 니 다.","allowsYouToViewAddressBalancesAndChainInformation"
"允许发生交易时向地址请求授权","允許發生交易時向地址請求授權","Allow to request authorization from the address when a transaction occurs","取引が許可されている場合は、アドレスに授権を要求します。","거래 가 발생 할 때 주소 에 권한 을 요청 할 수 있 도록 합 니 다.","permissionToRequestAuthorizationFromTheAddressWhenATransactionOccurs"
"授权不会泄露你的助记词和私钥","授權不會洩露你的助記詞和私密金鑰","Authorization will not reveal your mnemonics and private key","授権はあなたのニーモニックコードとプライベートキーを漏らしません。","권한 수 여 는 당신 의 보조 단어 와 비밀 키 를 누설 하지 않 습 니 다.","authorizationWillNotRevealYourMnemonicsAndPrivateKey"
"连接地址","連接地址","Connection address","接続アドレス","연결 주소","connectionAddress"
"授权连接","授權連接","Authorized connection","接続を許可する","권한 부여 연결","authorizedConnection"
"WalletConnect正在连接你的钱包······","WalletConnect正在連接你的錢包······","Walletconnect is connecting your wallet...","WalletConnectはあなたのウォレットに繋がっています略","WalletConnect 에서 지갑 을 연결 하고 있 습 니 다.","walletconnectIsConnectingYourWallet"
"连接钱包","連接錢包","Connect Wallet","接続ウォレット","지갑 연결","connectWallet"
"通过WalletConnect
协议连接DAPP授权，可快速交易","通過WalletConnect
協定連接DAPP授權，可快速交易","Connect DAPP authorization through walletconnect 
 protocol to promote fast transaction","WalletConnectプロトコルでDAPPに
接続して授権すると、速やかに取引ができます。","WalletConnect @ @ 프로 토 콜 을 통 해 DAPP 인증 을 연결 하면 빠 른 거래 가 가능 합 니 다.","connectDAPPAuthorizationThroughWalletconnectProtocolToFacilitateFastTransaction"
"通过WalletConnect协议连接DAPP授权，可快速交易","通過WalletConnect協定連接DAPP授權，可快速交易","Connect DAPP authorization through walletconnect protocol for quick transaction","WalletConnectプロトコルでDAPPに接続して授権します。迅速に取引できます。","WalletConnect 프로 토 콜 을 통 해 DAPP 인증 을 연결 하면 빠 른 거래 가 가능 합 니 다.","connectDAPPAuthorizationThroughWalletconnectProtocolToQuicklyTrade"
"连接详情","連接詳情","Connection Details ","接続の詳細","연결 정보","connectionDetails"
"详情","詳情","Details","詳細","상세 한 상황","details"
"连接状态","連接狀態","Connection Status","接続状態","연결 상태","connectionStatus"
"最近连接","最近連接","Recent Connection","最近の接続","최근 연결","recentConnection"
"主网","主網","Main-Net","メインネットワーク","메 인 네트워크","mainNetwork"
"授权交易","授權交易","Authorized Transaction","ライセンス取引","권한 수여 거래","authorizedTransaction"
"笔","筆","Pen","回","붓.","pen"
"授权连接","授權連接","Authorize Connection","接続を許可する","권한 부여 연결","authorizedConnection"
"连接地址","連接地址","Connection Address","接続アドレス","연결 주소","connectionAddress"
"断开连接","斷開連接","Disconnect","接続を切断","연결 을 끊다","disconnect"
"连接失败，请检查网络","連接失敗，請檢查網絡","Connection failed, please check the network","接続に失敗しました。ネットワークを確認してください。","연결 에 실 패 했 습 니 다. 네트워크 를 확인 하 십시오.","connectionFailedPleaseCheckTheNetwork"
"解锁 AITD Wallet","解鎖AITD Wallet","Unlock AITD Wallet","AITD Walletのロック解除","AITD 지갑 잠 금 해제","unlockAITDWallet"
"改用钱包密码","改用錢包密碼","Use wallet password instead","ウォレットのパスワードに変更します","지갑 비밀번호 변경","useWalletPasswordInstead"
"返回","返回","Return","戻す","뒷전","back"
"请选择网络","請選擇網絡","Please select a network","ネットワークを選択してください","네트워크 선택","pleaseSelectANetwork"
"添加网络是HD身份钱包的亮点功能，它可以将用户的同一套助记词复用到其它区块链网络，生成私钥和地址。新增钱包的名称和密码与身份钱包相同。","添加網絡是HD身份錢包的亮點功能，它可以將用戶的同一套助記詞複用到其它區塊鏈網絡，生成私密金鑰和地址。 新增錢包的名稱和密碼與身份錢包相同。","Adding network is the highlight function of HD identity wallet. It can reuse the same set of mnemonics of users to other blockchain networks to generate private keys and addresses. The name and password of the new wallet are the same as the identity wallet.","ネットワーク追加は、HDウォレットのハイライト機能であり、ユーザの同じセットのニーモニックコードを他のブロックチェーンネットワークに使って、プライベートキーとアドレスを生成することができる。ウォレットの名前とパスワードはアイデンティティウォレットと同じです。","네트워크 를 추가 하 는 것 은 HD 신분 지갑 의 하 이 라이트 기능 으로 사용자 의 같은 보조 단 어 를 다른 블록 체인 네트워크 에 재 활용 하여 비밀 키 와 주 소 를 생 성 할 수 있 습 니 다.새로 추 가 된 지갑 의 이름과 비밀 번 호 는 신분 지갑 과 같 습 니 다.","addingNetworkIsTheHighlightFunctionOfHDIdentityWalletItCanReuseTheSameSetOfMnemonicsOfUsersToOtherBlockchainNetworksToGeneratePrivateKeysAndAddressesTheNameAndPasswordOfTheNewWalletAreTheSameAsTheIdentityWallet"
"区块高度:","區塊高度：","Block height:","ブロックの高さ:","블록 높이:","blockHeight"
"选择节点","選擇節點","Select Nodes","ノードを選択","노드 선택","selectNode"
"其他","其他","Other","その他","기타","other"
"如何选择节点","如何選擇節點","How to select nodes","ノードの選択方法","노드 를 어떻게 선택 합 니까?","howToSelectNodes"
"1-优先区块高度大的。节点的作用是同步链上数据，区块高度越大，其数据同步更加完整。
2-优先延迟低的。网络延迟越低，数据越准确。","1-優先區塊高度大的。 節點的作用是同步鏈上數據，區塊高度越大，其資料同步更加完整。
2-優先延遲低的。 網路延遲越低，數據越準確。","1 - Higher altitude of Block is priority, the function of Node is to synchronize the data on-chain, the higher Block altitude will have highly integrated synchronized data.
2 - Low priority delay. The lower the network delay, the more accurate the data.","1-ブロックの高さが大きいものを優先。ノードの役割は、同期チェーン上のデータで、ブロックの高さが大きいほど、データ同期がより完全である。
2-遅延が低いものを優先。ネットワークの遅延が低いほど、データが正確になります。","1 - 우선 블록 높이 가 큰 것.노드 의 역할 은 동기 화 체인 의 데이터 입 니 다. 블록 높이 가 클 수록 데이터 동기 화가 더욱 완전 합 니 다. 
2 - 우선 지연 이 낮은 것.네트워크 지연 이 낮 을 수록 데이터 가 정확 하 다.","keyDesc"
"一般","一般","General","一般","여 간","commonly"
"请选择节点","請選擇節點","Please select a node","ノードを選択してください","노드 선택","pleaseSelectANode"
"节点设置","節點設定","Node Settings","ノードの設定","노드 설정","nodeSettings"
"手机没有开通指纹功能","手機沒有開通指紋功能","You have not turned on fingerprint setting on your phone","携帯に指紋機能が追加していません。","휴대 전화 에 지문 기능 이 개통 되 지 않 았 다.","thePhoneHasNoFingerprintFunction"
"解锁","解鎖","Unlock","アンロック","자 물 쇠 를 풀다","unlock"
"请验证指纹","請驗證指紋","Please verify the fingerprint","指紋を確認してください","지문 확인 해 주세요.","pleaseVerifyTheFingerprint"
"验证指纹通过后，继续下一步操作","驗證指紋通過後，繼續下一步操作","After verifying the fingerprint, Move on to the next step","指紋を検証した後、次の操作を続けます。","지문 검증 통과 후 다음 작업 계속","afterVerifyingTheFingerprintContinueToTheNextStep"
"识别失败","識別失敗","Recognition failed","認識が失敗しました","인식 실패","recognitionFailed"
"识别异常","識別异常","Recognition exceptions","認識異常","식별 이상","identifyExceptions"
"钱包密码错误","錢包密碼錯誤","Wallet password error","ウォレットのパスワードエラー","지갑 비밀번호 오류","walletPasswordError"
"验证密码","驗證密碼","Verify password","パスワードを検証","인증 암호","verifyPassword"
"请输入钱包密码","請輸入錢包密碼","Please enter your wallet password","ウォレットのパスワードを入力してください。","지갑 비밀 번 호 를 입력 하 세 요","pleaseEnterYourWalletPassword"
"发现新版本","發現新版本","New version found","新しいバージョンが見つかりました","새 버 전 발견","newVersionFound"
"更新","更新","To update","更新","업데이트","toUpdate"
"节点","節點","Node","ノード","노드","node"
"切换节点","切換節點","Switch Node","ノードを切り替え","전환 노드","switchNode"
"失败","失敗","Fail","失敗","실패 하 다.","fail"
"快","快","Fast","速い","빠르다.","fast"
"慢","慢","Slow","遅い","느리다","slow"
"语言","語言","Languages ","言語","언어.","languages"
"官网","官網","Official Website","公式サイト","홈 페이지","website"
"更多","更多","More","詳細","훨씬","more"
"扫码","掃碼","Scan Code","QRコードをスキャン","스 캔 코드","scan"
"取消","取消","Cancel","キャンセル","취소 하 다.","cancel"
"清空","清空","Clear","クリア","텅 비다","clear"
"全部","全部","All","全部","온통","all"
"转出","轉出","Transfer out","転出する","전출","transferOut"
"转入","轉入","Transferred in","導入","전입","transferIn"
"信息","資訊","Information","メッセージ","정보.","info"
"确定","確定","Confirm","確認","확정 하 다.","confirm"
"编号","編號","Serial Number","番号","번호","no"
"网络","網絡","Network","ネットワーク","네트워크","network"
"转账","轉帳","Transfer ","振替","대체 하 다","transfer"
"图标","圖標","Icon","アイコン","아이콘","icon"
"推荐","推薦","Recommendation ","おすすめ","추천 하 다.","recommend"
"私钥","私密金鑰","Private Key","プライベートキー","비밀 열쇠","privateKey"
"代币","代幣","Coins","トーケン","토큰","assets"
"作者","作者","Author","作者","저자.","author"
"平台","平臺","Platform","プラットフォーム","플랫폼","platform"
"导出","匯出","Export","エクスポート","도 출","export"
"描述","描述","Description","説明","묘사 하 다.","description"
"收款","收款","Receive","受け取り","돈 을 받다","receive"
"货币","貨幣","Currency","トーケン","화폐.","currency"
"英文","英文","English","英語","영어.","eng"
"密码","密碼","Password","パスワード","비밀 번호","pwd"
"完成","完成","Completed","完了","완성 하 다.","finish"
"好的","好的","Okay","はい","좋다","ok"
"名称","名稱","Name","名前","명칭.","name"
"版本","版本","Version","バージョン","판본","version"
"地址","地址","Address","アドレス","주소.","address"
"选择","選擇","Choose","選択","선택 하 다.","choose"
"更新","更新","Update","更新","업데이트","update"
"助记词","助記詞","Mnemonic Word","ニーモニックコード","조사","auxiliaryWord"
"已提交","已提交","Committed","提出済み","제출 됨","committed"
"余额","餘額","Balance","残高","잔고","balance"
"剪贴板","剪貼板","Clipboard","クリップボード","클립보드","clipboard"
"请使用","請使用","Please use","ご利用ください","사용 하 세 요","pleaseUse"
"购买者","購買者","Purchaser","購入者","구매자","purchaser"
"浏览器","瀏覽器","Browser","ブラウザ","브 라 우 저","browser"
"收藏品","收藏品","Collection","コレクション","소장 품","collection"
"矿工费","礦工費","Gas fee","マイナー代","광부 비","miningLaborFee"
"二维码","二維碼","QR Code","QRコード","QR 코드","qrCode"
"手续费","手續費","Handling Fee","手数料","수수료","fee"
"已添加","已添加","Has been added","追加しました","추가 됨","added"
"出售者","出售者","Sellers","販売者","판매자","sellers"
"转账至","轉帳至","Transfer to","振り込み先","입금","transferTo"
"账单详情","帳單詳情","Billing Details","請求書の詳細","계산서 상세 정보","billingDetail"
"验证密码","驗證密碼","Verify Password","パスワードを検証","인증 암호","verifyPwd"
"妥善保管","妥善保管","For Safe Keeping","適切に保管する","잘 보관 하 다","safekeeping"
"注意事项","注意事項","Notes","注意事項","주의 사항","notes"
"身份钱包","身份錢包","HD Wallet","個人用財布","신분 지갑","hdWallet"
"流转记录","流轉記錄","Transfer record","流通記録","유전 기록","transferRecord"
"资产详情","資產詳情","Asset Details","資産の詳細","자산 상세","assetDetails"
"全部转出","全部轉出","All transfer out","すべてを転送","전출","turnOut"
"创建钱包","創建錢包","Creating Wallets","ウォレットを作成","지갑 만 들 기","createWallet"
"确认转账","確認轉帳","Confirm transfer","振替確認","이체 확인","confirmTransfer"
"完成时间","完成時間","Complete Time","完了時間","완료 시간","finishTime"
"前往设置","前往設定","Head to Settings","設定します","설정 으로 가기","toSetting"
"收款地址","收款地址","Receiving address","入金先","수취 주소","receivingAddress"
"请勿传输","請勿傳輸","Please Do Not Transfer","転送しないでください","전송 하지 마 십시오.","dontTransfer"
"最近使用","最近使用","Recently used","最近使う","최근 사용","recentlyUsed"
"我知道了","我知道了","I know","分かりました","알 겠 습 니 다.","iKnow"
"代币列表","代幣清單","Coin's","トークンリスト","토 큰 리스트","tokenList"
"请勿截图","請勿截圖","Please do not screenshoot","キャプチャーしないでください","캡 처 하지 마 세 요.","dontCapture"
"在线客服","線上客服","Online customer service Representatives","オンラインサービス","온라인 고객 지원","customerService"
"邀请好友","邀請好友","Inviting Friends","親友を紹介","친구 초대","invite"
"修改成功","修改成功","Modify Successfully","修正できました","수정 성공","modify"
"版本日志","版本日誌","Version log","バージョンログ","버 전 로그","changeLog"
"导出私钥","匯出私密金鑰","Export Private Key","プライベートキーをエクスポート","비밀 키 내 보 내기","exportPrivateKey"
"钱包管理","錢包管理","Wallet Management","ウォレット管理","지갑 관리","managemer"
"删除钱包","删除錢包","Delete Wallet","ウォレットを削除","지갑 삭제","deleteWallet"
"安全中心","安全中心","Security Center ","安全センター","안전 센터","securityCenter"
"确认删除","確認删除","Confirm Deletion","削除します","삭제 확인","confirmDelete"
"删除成功","删除成功","Delete Successfully","削除できました","삭제 성공","confirmTheDeletion"
"添加币种","添加幣種","Add The Coins","トーケンを添加する","화폐 종류 를 첨가 하 다","addCurrency"
"区块高度","區塊高度","Block Height","ブロックの高さ","블록 높이","blockHeight"
"离线保存","離線保存","Off-Line Saving ","オフライン保存","오프라인 저장","offLineSaving"
"切换币种","切換幣種","Switch Coin","トーケンの種類を切り替える","화폐 종 류 를 바꾸다.","changeCurrency"
"添加网络","添加網絡","Add network","ネットワークを追加","네트워크 추가","addNetwork"
"繁体中文","繁體中文","Traditional Chinese","中国語","중국어","chineseTraditional"
"转账金额","轉帳金額","Transfer amount","振替金額","이체 금액","transferAmount"
"简体中文","簡體中文","Simplified Chinese","簡体字中国語","중국어 간 체","simplifiedChinese"
"货币单位","貨幣單位","Currency Unit","トーケン単位","화폐 단위","currencyUnit"
"系统消息","系統消息","System Message","システムメッセージ","시스템 메시지","sysMsg"
"转账消息","轉帳消息","Transfer Message","振替メッセージ","이체 소식","transferMsg"
"全部已读","全部已讀","Read All","すべて読みました","모두 읽 음","allRead"
"收款来自","收款來自","Receive From","入金は","수금","receiveFrom"
"消息中心","消息中心","Message Center","メッセージセンター","메시지 센터","msgCenter"
"地址管理","地址管理","Address Managemer","アドレス管理","주소 관리","addressManagemer"
"系统设置","系統設置","System Setting","システム設定","시스템 설정","sysSetting"
"高级模式","高級模式","Expert mode","エキスパートモード","고급 모드","expertMode"
"导入钱包","導入錢包","Import","ウォレットをインポート","지갑 가 져 오기","import"
"关于我们","關於我們","About Us","私たちについて","우리","aboutUs"
"交易成功","交易成功","Trade Successfully","取引ができました","거래 성공","tradeSuc"
"新建地址","新建地址","New Created Address","新規アドレス","새 주소","newAddress"
"复制成功","複製成功","Copy Successfully","コピーができました","복사 성공","copySuc"
"切换钱包","切換錢包","Change Wallet","ウォレットを切り替え","지갑 전환","changeWallet"
"返回首页","返回首頁","Back home","最初のページに戻ります","홈 페이지 로 돌아 가기","backHome"
"服务条款","服務條款","Service Clause","サービス条項","서비스 약관","serviceClause"
"隐私条款","隱私條款","Privacy Clause","プライバシー条項","프라이버시 조항","privacyClause"
"简单模式","簡單模式","Easy mode","シンプルモード","단순 모드","easyMode"
"我的消息","我的消息","My Messages","私のメッセージ","나의 소식","myMsg"
"钱包密码","錢包密碼","The wallet password","ウォレットのパスワード","지갑 비밀번호","walletPwd"
"交易ID","交易ID","Transaction ID","取引ID","거래 ID","transactionId"
"发现新版本","發現新版本","Find New Version","新しいバージョンが見つかりました","새 버 전 발견","findNewVersion"
"忘记密码","忘記密碼","Forgot Password","パスワードを忘れました","비밀 번 호 를 잊다","forgotPwd"
"请输入密码","請輸入密碼","Please Enter Password","パスワードを入力してください","비밀 번 호 를 입력 하 세 요","pleaseEnterPwd"
"Gas限制","Gas限制","Gas limit","Gas制限","가스 제한","gasLimit"
"备份助记词","備份助記詞","Back-up Mnemonic ","ニーモニックコードをバックアップ","백업","backUpAuxWord"
"已添加代币","已添加代幣","Coins have been added","トークンを追加しました","토 큰 추가 됨","haveBeedAddToken"
"复制助记词","複製助記詞","Copy Mnemonic Word","ニーモニックコードをコピーする","복사","copyAuxiliary"
"清空输入框","清空輸入框","Clear the input box","入力欄を空にします","입력 상자 비우 기","clearInputBox"
"Gas价格","Gas價格","Gas price","Gas代","가스 가격","gasPrice"
"请直接扫描","請直接掃描","Please Scan Directly","直接スキャンしてください","직접 스 캔 하 세 요.","pleaseScan"
"更改钱包名称","更改錢包名稱","Change  Name","ウォレットの名前を変更","지갑 이름 변경","changeWalletName"
"创建单链钱包","創建單鏈錢包","Create a single chain wallet","シングルチェーンウォレットを作成","단일 체인 지갑 만 들 기","createSignleWallet"
"钱包密码错误","錢包密碼錯誤","Wrong Password Error","ウォレットのパスワードエラー","지갑 비밀번호 오류","walletPwdErr"
"修改安全密码","修改安全密碼","Change Security Password","セキュリティパスワードの変更","보안 암호 수정","changeSecPwd"
"密码可见开关","密碼可見開關","Password visible switch","パスワード表示スイッチ","암호 가시 스위치","pwdVisibleSwitch"
"开启指纹/人脸支付","開啟指紋/人臉支付","Enable fingerprint/face payment","指紋を開く/顔認証で支払う","지문 / 얼굴 결제 오픈","enableFacePayment"
"开启指纹/人脸登录","開啟指紋/人臉登入","Enable fingerprint/face login","指紋を開く/顔認証で登録する","지문 / 얼굴 등록 오픈","enableFaceLogin"
"我的DApp","我的DApp","My dapps","私のDApp","나의 DApp","myDapps"
"前往DApp","前往DApp","To Dapps","DAppに行きます","DApp 로 가기","toDapps"
"HD身份钱包","HD身份錢包","HD Wallet","HDアイデンティティーウォレット","HD 신분 지갑","hdWallet"
"设置钱包密码","設定錢包密碼","Set wallet password","ウォレットのパスワードを設定","지갑 비밀번호 설정","setWalletPwd"
"确保周边安全","確保周邊安全","Ensure Perimeter Area Security","周辺の安全を確保する","주변 안전 확보","ensurePerimeterSec"
"导入单链钱包","導入單鏈錢包","Import a single chain wallet","シングルチェーンウォレットをインポート","단일 체인 지갑 가 져 오기","importSingleWallet"
"请选择钱包类型","請選擇錢包類型","Please Select Wallet Type","ウォレットの種類を選択してください","지갑 종류 선택","chooseWalletType"
"请输入安全密码","請輸入安全密碼","Please Enter Safe Password","セキュリティパスワードを入力してください。","보안 비밀 번 호 를 입력 하 세 요","enterSafePwd"
"请输入钱包密码","請輸入錢包密碼","Please enter wallet password","ウォレットのパスワードを入力してください。","지갑 비밀 번 호 를 입력 하 세 요","enterWalletPwd"
"请输入钱包名称","請輸入錢包名稱","Please enter name of the wallet","ウォレットの名前を入力してください。","지갑 이름 입력","pleaseEnterWalletName"
"当前已是最新版","當前已是最新版","Current is the latest version","現在は最新版です。","현재 최신 버 전 입 니 다.","itIsCurrentlyTheLatestVersion"
"忘记密码怎么办","忘記密碼怎麼辦","What If I Forgot My Password","パスワードを忘れたらどうすればいいですか？","비밀번호 까 먹 으 면 어 떡 해.","whatIfIForgotMyPassword"
"两次密码不一致","兩次密碼不一致","The two passwords are inconsistent with each other","二回のパスワードが一致しません。","두 번 의 비밀번호 가 일치 하지 않 습 니 다.","theTwoPasswordsAreInconsistent"
"请输入收款地址","請輸入收款地址","Please enter the receiving address","入金先を入力してください。","입금 주소 입력","pleaseEnterTheCollectionAddress"
"还没添加过钱包","還沒添加過錢包","Haven't added wallet yet","まだウォレットを追加していません。","아직 지갑 을 추가 한 적 이 없어 요.","iHaventAddedAWalletYet"
"请再次输入密码","請再次輸入密碼","Please enter the password again","パスワードをもう一度入力してください。","비밀 번 호 를 다시 입력 하 세 요","pleaseEnterThePasswordAgain"
"请选择导入方式","請選擇導入管道","Please Select Ways To Import","インポート方式を選択してください","가 져 오 는 방법 을 선택 하 십시오","pleaseSelectTheImportMethod"
"请输入转账地址","請輸入轉帳地址","Please enter the transfer address","振替のアドレスを入力してください。","계좌 이체 주 소 를 입력 하 세 요","pleaseEnterTheTransferAddress"
"去中心化多链钱包","去中心化多鏈錢包","Decentralized Multi-Chain Wallet","脱中心化ウォレット","탈 중심 화 멀 티 체인 지갑","decentralizedMultiChainWallet"
"创建HD身份钱包","創建HD身份錢包","Create HD identity wallet","HDアイデンティティーウォレットを作成します","HD 신분 지갑 만 들 기","createHdIdentityWallet"
"导入HD身份钱包","導入HD身份錢包","Import HD identity wallet","HDウォレットを導入","HD 신분 지갑 가 져 오기","importHdIdentityWallet"
"只能输入≥1的数字","只能輸入≥1的數位","Only numbers ≥ 1 can be entered","≧1の数字しか入力できません","≥ 1 의 숫자 만 입력 할 수 있다","onlyNumbersCanBeEntered"
"输入代币名称或合约地址","輸入代幣名稱或合約地址","Enter coin or contract address ","トーケン名称また契約アドレスを入力","계약 주소 입력 찾기","pleaseEnterTheContractAddressToFind"
"你尚未设置钱包密码","你尚未設定錢包密碼","You haven't set your wallet password yet","ウォレットのパスワードが設定されていません。","지갑 비밀 번 호 를 설정 하지 않 았 습 니 다.","dontSetWalletPwd"
"价值流通，安全快速","價值流通，安全快速","Value circulation is safer and faster","価値が流通し、安全が迅速である。","가치 유통, 안전 신속","valueCirculationIsSaferAndFaster"
"即时透明，坐享收益","即時透明，坐享收益","Instant and transparent, enjoy earnings easily","リアルタイム透明、座って収益を享受する","즉시 투명, 앉 아서 수익 을 누 립 니 다.","instantTransparencyEnjoyEarningsEasily"
"备份助记词(推荐)","備份助記詞（推薦）","Backup mnemonics (recommended)","バックアップ助詞（推奨）","백업 보조 단어 (추천)","backupMnemonics"
"交易数据已签名广播","交易數據已簽名廣播","Transaction data signed and broadcasted","取引データは署名放送されました。","거래 데이터 서명 방송","transactionDataSignedBroadcast"
"资产安全，悉心守护","資產安全，悉心守護","Assets safety, Devoting all the attention into guarding assets","資産の安全を心をこめて守る。","자산 안전, 세 심하게 수호","assetsSafetyNotes"
"导出Keystore","匯出Keystore","Export Keystore","Keystoreエクスポート","키 저장 소 내 보 내기","exportKeystore"
"输入错误，请重新输入","輸入錯誤，請重新輸入","Input error, please re-enter","入力エラー、再入力してください。","입력 오류, 다시 입력 하 세 요","inputErrorPleaseReEnter"
"一套助记词管理所有资产","一套助記詞管理所有資產","A set of mnemonics manages all assets","一式の助数詞はすべての資産を管理する。","보조 기사 한 세트 로 모든 자산 을 관리 하 다.","aSetOfMnemonicsManagesAllAssets"
"通过输入明文私钥导入钱包","通過輸入明文私密金鑰導入錢包","Import wallet by entering plaintext private key","秘密鍵を入力してウォレットをインポートします","비밀 키 입력 으로 지갑 가 져 오기","importWalletByEnteringPlaintextPrivateKey"
"搜索Dapp或者输入链接","蒐索Dapp或者輸入連結","Search DAPP or enter a link","Dapp検索またはリンク入力","Dapp 검색 또는 링크 입력","searchDappOrEnterALink"
"只能输入≤1000的数字","只能輸入≤1000的數位","Only numbers ≤ 1000 can be entered","≤1000の数字しか入力できません。","≤ 1000 의 숫자 만 입력 가능","onlyNumbersLes1000CanBeEntered"
"只能输入≤10^10的数字","只能輸入≤10^10的數位","Only numbers ≤ 10 ^ 10 can be entered","≤10^10の数字しか入力できません。","≤ 10 ^ 10 의 숫자 만 입력 가능","onlyNumbersLes10000000000CanBeEntered"
"请输入正确的Dapp地址!","請輸入正確的Dapp地址！","Please enter the correct DAPP address!","正しいDappアドレスを入力してください。","정확 한 Dapp 주 소 를 입력 하 세 요!","pleaseEnterTheCorrectDappAddress"
"更多详情请在区块详情上查看","更多詳情請在區塊詳情上查看","Please check the block details for more details","詳細はブロックの詳細をご覧ください。","더 자세 한 정 보 는 블록 상세 정보 에서 확인 하 세 요.","pleaseCheckTheBlockDetailsForMoreDetails"
"我们即将为你创建HD身份钱包","我們即將為你創建HD身份錢包","We're about to create an HD identity wallet for you","私たちはもうすぐあなたのためにHD身分のウォレットを作ります。","저희 가 곧 HD 신분 지갑 을 만들어 드릴 게 요.","wereAboutToCreateAnHdIdentityWalletForYou"
"助记词可以生成HD身份钱包，方便管理","助記詞可以生成HD身份錢包，方便管理","Mnemonic words can generate HD identity wallet for easy management","ニーモニックコードはHD身分のウォレットを生成して、管理しやすいです","보조 기 사 는 HD 신분 지갑 을 생 성하 여 관리 하기 편리 하 다.","mnemonicWordsNotes"
"通过输入Keystore文件添加钱包","通過輸入Keystore檔案添加錢包","Add wallet by entering keystore file","Keystoreファイルを入力してウォレットを追加します","Keystore 파일 입력 으로 지갑 추가","addWalletByEnteringKeystoreFile"
"密码用于保护私钥交易授权，非常重要；","密碼用於保護私密金鑰交易授權，非常重要；","Password is used to protect private key transaction authorization, which is very important;","プライベートキー取引の承認を保護するためのパスワードは、非常に重要です。","비밀 번 호 는 비밀 키 거래 권한 수 여 를 보호 하 는 데 매우 중요 합 니 다.","passwordImportant"
"注：矿工费 = Gas价格 * Gas限制","注：礦工費= Gas價格* Gas限制","Note: mining labor fee = gas price * gas limit","注：マイナー代=Gas代*Gas制限","주의: 광부 비 = 가스 가격 * 가스 제한","gasPriceAndGasLimitNote"
"请设置不少于6位的密码，密码强度越高越好；","請設定不少於6比特的密碼，密碼强度越高越好；","Please set a password of no less than 6 digits. The higher the password strength, the better;","6桁以下のパスワードを設定してください。パスワードの強度が高いほどいいです。","6 자리 이상 의 비밀 번 호 를 설정 하 십시오. 비밀번호 강도 가 높 을 수록 좋 습 니 다.","passwordMinLengthNotes"
"钱包不负责储存密码，也无法找回，请务必牢记。","錢包不負責儲存密碼，也無法找回，請務必牢記。","The wallet is not responsible for storing the password and cannot be retrieved. Please keep it in mind.","ウォレットは暗証番号を保管する責任がありません。取り戻すできません、必ず覚えてください。","지갑 은 비밀 번 호 를 저장 하 는 것 도 책임 지지 않 고 찾 을 수도 없 으 니 꼭 기억 하 세 요.","walletPwdNotes"
"请按顺序抄下下方12个助记词，我们将在下一步验证","請按順序抄下下方12個助記詞，我們將在下一步驗證","Please copy 12 Mnemonic words below in sequence, we will verify it in the following steps.","下の12桁のニーモニックコードを順番に写してください。次のステップで検証します。","아래 12 개의 보조 기 사 를 순서대로 베 끼 십시오. 우 리 는 다음 단계 에 검증 할 것 입 니 다.","auxiliaryWordsNextNotes"
"请勿在公共场所打开二位码，扫描前务必确保周边没有其它摄像头","請勿在公共場所打開二比特碼，掃描前務必確保周邊沒有其它監視器","Do not open the QRcode in public places. Make sure there are no other cameras around before scanning","公共の場所で二桁のコードを開けないでください。スキャンする前に必ず周辺に他のカメラがないようにしてください。","공공장소 에서 두 자리 코드 를 켜 지 마 십시오. 스 캔 하기 전에 주변 에 다른 카메라 가 없 는 지 확인 하 십시오.","qrCodeSecNotes"
"丢失助记词即丢失财产！
请用纸笔抄下助记词并存放在安全的地方！","遺失助記詞即遺失財產！
 請用紙筆抄下助記詞並存放在安全的地方！","Loss of mnemonics means loss of property
 Please write down mnemonics on paper and store them in a safe place!","ニーモニックコードをなくしたら財産をなくします。
ニーモニックコードを紙ペンで写して安全なところに保管してください。","조 사 를 잃 으 면 재산 을 잃 는 다!
종이 와 펜 으로 보조 기 사 를 베 끼 고 안전 한 곳 에 보관 하 세 요!","lossOfMnemonicsMeansLossOfProperty"
"二维码仅供用户在安全环境下直接扫描以便导入钱包，请勿截图和拍照。","二維碼僅供用戶在安全環境下直接掃描以便導入錢包，請勿截圖和拍照。","The QR code is only for users to scan directly in a secure environment in order to import the wallet. Please do not take screenshots and photos.","QRコードは、ユーザーが安全環境下で直接スキャンしてウォレットを導入するためにのみ使用します。スクリーンショットや写真を撮らないでください。","QR 코드 는 사용자 가 지갑 을 가 져 올 수 있 도록 안전 한 환경 에서 직접 스 캔 할 수 있 습 니 다. 캡 처 와 사진 을 찍 지 마 십시오.","qrCodeNotes"
"钱包删除后无法恢复，只能重新导入，请务必确认您已备份助记词或私钥","錢包删除後無法恢復，只能重新導入，請務必確認您已備份助記詞或私密金鑰","After the wallet is deleted, it cannot be recovered and can only be re-imported. Please make sure you have backed up the mnemonic or private key","ウォレットを削除しても元に戻せません。再導入しかできません。必ずニーモニックコードやプライベートキーをバックアップしてください。","지갑 을 삭제 한 후 복구 할 수 없습니다. 다시 가 져 올 수 있 습 니 다. 백업 한 단어 나 비밀 키 를 확인 하 십시오.","deletedWalletNotes"
"网络传输很危险，很容易被黑客获取内容。建议离线设备通过扫描二维码方式传输","網絡傳輸很危險，很容易被駭客獲取內容。 建議離線設備通過掃描二維碼管道傳輸","Network transmission is very dangerous, and it is easy for hackers to access content. It is recommended that offline equipment transmit by scanning QR code","ネットワーク伝送は危険です。ハッキングされやすいです。オフラインデバイスはQRコードをスキャンして伝送することをおすすめします。","인터넷 전송 은 매우 위험 해서 해커 에 의 해 내용 을 얻 기 쉽다.오프라인 장치 가 QR 코드 를 스 캔 하여 전송 하 는 것 을 권장 합 니 다.","offlineScanQRCode"
"请勿保存在邮箱、聊天工具、网盘等互联网能够接触的地方，强烈建议抄写在纸质文本上","請勿保存在郵箱、聊天工具、網盤等互聯網能够接觸的地方，強烈建議抄寫在紙質文字上","Please do not save it in email, chat tools, online disk and other places accessible to the Internet. It is strongly recommended to copy it on paper text","メールアドレス、チャットツール、ネットディスクなどのインターネットの接触できるところに保管しないでください。紙のテキストに書き写すことを強く勧めます。","메 일, 메 신 저, 인터넷 등 인터넷 이 접 할 수 있 는 곳 에 저장 하지 마 십시오. 종이 텍스트 에 베껴 쓰 는 것 을 강력 히 권장 합 니 다.","savedSecNotes"
"AITD Wallet不会存储用户的私钥，私钥一旦丢失将无法找回资产，请妥善保管您的私钥","AITD Wallet不會存儲用戶的私密金鑰，私密金鑰一旦遺失將無法找回資產，請妥善保管您的私密金鑰","AITD wallet will not store the user's private key. Once the private key is lost, the asset cannot be retrieved. Please keep your private key in a propoer spaces.","AITD Walletはユーザーのプライベートキーを保存しません。プライベートキーがなくなったら、資産を探し出せません。プライベートキーを大切に保管してください。","AITD Wallet 은 사용자 의 비밀 키 를 저장 하지 않 습 니 다. 비밀 키 를 잃 어 버 리 면 자산 을 찾 을 수 없습니다. 비밀 키 를 잘 보관 하 십시오.","aitdWalletPrivateKeyNotes"
"为了安全，钱包不会存储用户的密码。如果忘记密码，无法导出助记词和私钥等，只能在“设置—安全中心”中清除钱包数据，再重新设置密码，创建或导入钱包。","為了安全，錢包不會存儲用戶的密碼。 如果忘記密碼，無法匯出助記詞和私密金鑰等，只能在“設定—安全中心”中清除錢包數據，再重新設置密碼，創建或導入錢包。","For security, the wallet does not store the user's password. If you forget your password and cannot export mnemonics and private keys, you can only clear the wallet data in Settings - Security Center, and then reset your password to create or import a wallet.","安全のために、ウォレットはユーザのパスワードを保存しません。パスワードを忘れたら、ニーモニックコードやプライベートキーなどがエクスポートできません。「安全センターの設定」でウォレットデータをクリアし、パスワードを再設定し、ウォレットを作成または導入するしかありません。","안전 을 위해 지갑 은 사용자 의 비밀 번 호 를 저장 하지 않 습 니 다.비밀 번 호 를 잊 어 버 리 면 보조 단어 와 비밀 키 등 을 내 보 낼 수 없고 '설정 - 보안 센터' 에서 지갑 데 이 터 를 지우 고 비밀 번 호 를 다시 설정 하여 지갑 을 만 들 거나 가 져 올 수 있 습 니 다.","walletPwdSecNotes"
"HD身份钱包全称是分层确定性(Hierarchical Deterministic)钱包的缩写。
HD身份钱包可以通过一套助记词，管理所有链上的资产，简单快捷！","HD身份錢包全稱是分層確定性（Hierarchical Deterministic）錢包的縮寫。
 HD身份錢包可以通過一套助記詞，管理所有鏈上的資產，簡單快捷！","The full name of HD identity wallet is the abbreviation of hierarchical deterministic wallet.
HD identity wallet can manage all assets on the chain through a set of mnemonics, which is simple and fast!","HDアイデンティングウォレットは、階層的確定性ウォレットの略語です。
HDアイデンティティーウォレットは、すべてのチェーン上の資産を管理するためのニーモニックコードセットで簡単かつ迅速に使えます。","HD 신분 지갑 은 모두 계층 확정 성 (Hierarchical Deterministic) 지갑 의 줄 임 말이다.
HD 신분 지갑 은 보조 기 사 를 통 해 모든 체인 의 자산 을 관리 할 수 있 습 니 다. 간단 하고 빠 릅 니 다!","hdWalletDesc"
"暂无数据","暫無數據","No data temporarily","データがありません","데이터 없 음","no_data"
"下拉可以刷新","下拉可以重繪","Pull Down To Refresh","プルダウンは更新できます","드 롭 다운 하면 리 셋 가능","pull_down_to_refresh"
"松开立即刷新","鬆開立即重繪","Release to refresh immediately","外してすぐに更新できます","풀 어 즉시 리 셋","release_to_refresh_immediately"
"正在刷新数据中...","正在重繪數據中…","Data is Being Refreshed","データを更新しています..","데이터 새로 고침 중...","data_is_being_refreshed"
"刷新成功","重繪成功","Refresh succeeded","リフレッシュした","리 셋 성공","refresh_succeeded"
"上拉可以加载更多","上拉可以加載更多","Pull Up to load more information","プルアップは更にロードする","위로 당기 면 더 많이 불 러 올 수 있 습 니 다.","pull_load_more"
"松开立即加载更多","鬆開立即加載更多","Release to immediately load more information","外して更にロードする","풀다","release_load_more"
"正在加载更多的数据...","正在加載更多的數據…","Loading more data","もっと多くのデータをロードしています...","더 많은 데 이 터 를 불 러 오 는 중...","loading_more_data"
"加载失败, 点击重试","加載失敗，點擊重試","Loading failed, click Retry","読み込みに失敗しました。もう一度クリックしてください","불 러 오 는 데 실 패 했 습 니 다. 다시 시도 하려 면 누 르 십시오.","Loading_failed_click_retry"
"已经全部加载完毕","已經全部加載完畢","Loading has completed","すべてロードしました","모두 불 러 오기 완료","loading_has_completed"
"刷新失败","重繪失敗","refresh failed","更新失敗","리 셋 실패","refresh_failed"
"年","年","year","年","년.","year"
"月","月","month","月","월.","month"
"成功","成功","success","成功","성공 하 다.","success"
"确认中","確認中","Confirmation in progress","確認中","확인 중","confirmationInProgress"
"不能转账给自己","不能轉帳給自己","You can't transfer it to yourself","自分に振替できません","자신 에 게 이체 할 수 없다","youCantTransferItToYourself"
"的余额不足以支付手续费","的餘額不足以支付手續費","The balance is not enough to pay the handling fee","の残額は手数料を支払うのに足りません","수수료","theBalanceIsNotEnoughToPayTheHandlingFee"
"余额不足","餘額不足","Insufficient balance","残高が足りない","잔고 가 부족 하 다","sorryYourCreditIsRunningLow"
"请输入转账金额","請輸入轉帳金額","Please enter the transfer amount","振替金額を入力してください","이체 금액 을 입력 하 세 요","pleaseEnterTheTransferAmount"
"列表","清單","list","リスト","리스트","list"
"数量","數量","quantity","数","수량","quantity"
"收藏品详情","收藏品詳情","Details of the collection","コレクションの詳細","소장 품 거래 역사","collectionTransactionHistory"
"赠送","贈送","Give","贈る","증정 하 다.","give"
"请输入收款地址","請輸入收款地址","Please enter the receiving address","入金先を入力してください。","입금 주소 입력","pleaseEnterTheCollectionAddress"
"确认中","確認中","Confirmation in progress","確認中","확인 중","confirmationInProgress"
"弱","弱","Weak","弱い","약 하 다","low"
"中","中","Middle","中","중.","middle"
"强","强","strong","強い","강하 다.","strong"
"正在创建······","正在創建······","Creating...","作成中略","생 성 중","creating"
"正在导入······","正在導入······","Importing...","インポート中略","가 져 오 는 중","importing"
"文件密码不能为空","檔案密碼不能為空","File password cannot be empty","ファイルのパスワードが空ではいけない","파일 암호 가 비어 있 으 면 안 됩 니 다.","filePasswordCannotBeEmpty"
"助记词已经存在","助記詞已經存在","Mnemonic has already exists","ニーモニックコードはすでに存在します","보조 기 사 는 이미 존재 한다.","mnemonicAlreadyExists"
"地址已经存在","地址已經存在","Address already exists","アドレスは既に存在します","주소 가 이미 존재 합 니 다","addressAlreadyExists"
"创建成功","創建成功","Created successfully","作成成功","생 성 성공","createdSuccessfully"
"导入成功","導入成功","Import succeed","インポート成功","가 져 오기 성공","importSucceeded"
"创建失败","創建失敗","Creation failed","作成に失敗しました","생 성 실패","creationFailed"
"导入失败","導入失敗","Import failed","インポート失敗","가 져 오기 실패","importFailed"
"创建完成","創建完成","Creation complete","作成完了","생 성 완료","creationComplete"
"导入完成","導入完成","Import complete","インポート完了","가 져 오기 완료","importComplete"
"正在创建······","正在創建······","Creating...","作成中略","생 성 중","creating"
"正在导入······","正在導入······","Importing...","インポート中略","가 져 오 는 중","importing"
"验证助记词","驗證助記詞","Verify mnemonics","ニーモニックコード検証","검증 조사","verificationMnemonics"
"确保您已备份好您的助记词，请验证如下问题","確保您已備份好您的助記詞，請驗證如下問題","Make sure you have backed up your mnemonics, please verify the following questions","あなたのニーモニックコードがバックアップされていることを確認してください。以下の問題を確認してく","보조 단 어 를 백업 하 였 는 지 확인 하 십시오. 다음 문 제 를 확인 하 십시오.","makeSureYouHaveBackedUpYourMnemonicsPleaseVerifyTheFollowingQuestions"
"请选择第{}个单词","請選擇第{}個單詞","Please select the {} word","第{}単語を選んでください","{} 번 단 어 를 선택 하 십시오.","pleaseSelectTheWord"
"复制","複製","Copy","コピー","복제 하 다.","copy"
"导入{}钱包","導入{}錢包","Import {} Wallet","インポート{}ウォレット","{} 지갑 가 져 오기","importWallet"
"只能输入{}的数字","只能輸入{}的數位","Only numbers of {} can be entered","{}の数字しか入力できません","{} 의 숫자 만 입력 할 수 있 습 니 다.","onlyNumbersOfCanBeEntered"
"私钥出错","私密金鑰出錯","Private key error","プライベートキーエラー","비밀 키 오류","privateKeyError"
"私钥长度不够","私密金鑰長度不够","Insufficient private key length","プライベートキーの長さが足りません","비밀 키 길이 부족","insufficientPrivateKeyLength"
"请输入正确的助记词","請輸入正確的助記詞","Please enter the correct mnemonic","正しいニーモニックコードを入力してください","정확 한 보조 어 를 입력 하 세 요.","pleaseEnterTheCorrectMnemonic"
"请输入{}钱包的私钥地址","請輸入{}錢包的私密金鑰地址","Please enter the private key address of {} Wallet"," {} ウォレットのプライベートキーのアドレスを入力してください","{} 지갑 의 비밀 키 주 소 를 입력 하 십시오.","pleaseEnterThePrivateKeyAddressOfWallet"
"请输入私钥","請輸入私密金鑰","Please enter the private key","秘密鍵を入力してください","비밀 키 입력","pleaseEnterThePrivateKey"
"请输入{}个英文单词的助记词","請輸入{}個英文單詞的助記詞","Please enter a mnemonic of {} English words","英語の単語ニーモニックコードを入力してください","{} 영어 단어의 보조 단 어 를 입력 하 십시오.","pleaseEnterAMnemonicOfEnglishWords"
"请输入{}个助记词，以空格隔开","請輸入{}個助記詞，以空格隔開","Please enter {} mnemonic words separated by spaces","ニーモニックコードを入力して、スペースで区切ってください","{} 개의 보조 기 사 를 입력 하여 빈 칸 으로 구분 하 십시오.","pleaseEnterMnemonicWordsSeparatedBySpaces"
"请输入{}钱包的KeyStore文件内容","請輸入{}錢包的KeyStore檔案內容","Please enter the keystore file content of {} Wallet","{}ウォレットのKey Storeファイルの内容を入力してください","{} 지갑 의 KeyStore 파일 내용 을 입력 하 십시오.","pleaseEnterTheKeystoreFileContentOfWallet"
"文件内容","檔案內容","File content","ファイルの内容","파일 내용","fileContent"
"请输入KeyStore密码","請輸入KeyStore密碼","Please enter the keystore password","Key Storeパスワードを入力してください","KeyStore 비밀 번 호 를 입력 하 세 요","pleaseEnterTheKeystorePassword"
"我已经阅读并同意","我已經閱讀並同意","I have read and agree","すでに読んで同意しました","나 는 이미 읽 고 동의 했다.","iHaveReadAndAgree"
"服务及隐私条款","服務及隱私條款","Service and privacy terms","サービス及びプライバシー条項","서비스 및 프라이버시 조항","serviceAndPrivacyTerms"
"未命名","未命名","Unnamed","名前なし","이름 없 음","unnamed"
"添加钱包","添加錢包","Add Wallet","追加","지갑 추가","addWallet"
"暂无消息","暫無消息","No message","メッセージがない","잠시 소식 이 없다.","noMessage"
"设置","設定","Set up","設定","설치 하 다.","setUp"
"由于链上转账需要一定的矿工费，因此全部转出后收到的数额是扣除矿工费之后的数额，实际收到会比全部数额少一些。","由於鏈上轉帳需要一定的礦工費，囙此全部轉出後收到的數額是扣除礦工費之後的數額，實際收到會比全部數額少一些。","Transfer on-chain requires a certain amount of mining labor fee, the amount received after transfer  is the amount after deducting the mining labor fee, and the actual amount received will be less than the total amount.","チェーン上で振替するには一定のマイナー料が必要です、全部転出して受け取った金額はマイナー料を差し引いた金額です。実際に受け取る金額は全部の金額より少ないです。","체인 에서 이 체 를 하려 면 일정한 광부 비가 필요 하기 때문에 모두 이 체 를 한 후에 받 은 액 수 는 광부 비 를 공제 한 후의 액수 이 고 실제 받 은 액 수 는 전체 금액 보다 약간 적다.","miningLaborFeeNotes"
"暂时不支持这条链，是否切换钱包","暫時不支持這條鏈，是否切換錢包","This chain is not supported temporarily. Do you want to switch wallets?","このチェーンはサポートされていません。ウォレットを切り替えますか？","이 체인 은 지원 되 지 않 습 니 다. 지갑 을 바 꿀 지 여부 입 니 다.","thisChainIsNotSupportedTemporarilyDoYouWantToSwitchWallets"
"数据来源于第三方交易所平台Hermes，具体内容以链上数据为准。","數據來源於協力廠商交易所平臺Hermes，具體內容以鏈上數據為准。","The data comes from Hermes, the third-party exchange platform, and the specific content is subject to the data on the chain.","データは第三者取引所プラットフォームのHermesからです。具体的な内容はチェーンデータに準じています。","데 이 터 는 제3자 거래소 플랫폼 Hermes 에서 기원 되 고 구체 적 인 내용 은 체인 상의 데 이 터 를 기준 으로 한다.","theDataComesFromHermesTheThirdpartyExchangePlatformAndTheSpecificContentIsSubjectToTheDataOnTheChain"
"已完成","已完成","Completed","完了しました","완료 됨","completed"
"删除地址","删除地址","Delete address","アドレスを削除","주소 삭제","deleteAddress"
"您确定要删除该地址吗","您確定要删除該地址嗎","Are you sure you want to delete this address","本当にこのアドレスを削除しますか？","이 주 소 를 삭제 하 시 겠 습 니까?","areYouSureYouWantToDeleteThisAddress"
"删除","删除","delete","削除","삭제","delete"
"添加地址","添加地址","Add address","アドレスを追加","주소 추가","addAddress"
"修改地址","修改地址","Modify address","アドレスを変更","주소 수정","modifyAddress"
"请为该地址设置名称，最多{}个字符","請為該地址設定名稱，最多{}個字元","Please set a name for this address, up to {} characters","この住所の名前を最大{}文字で設定してください。","이 주소 의 이름 을 최대 {} 글자 로 설정 하 십시오.","pleaseSetANameForThisAddressUpToCharacters"
"可粘贴或扫描输入钱包","可粘貼或掃描輸入錢包","The wallet can be pasted or scanned","入力ウォレットの貼り付けやスキャンができます。","지갑 을 붙 이거 나 스 캔 할 수 있 습 니 다.","theWalletCanBePastedOrScanned"
"修改","修改","modify","変更","수정 하 다.","modify"
"保存","保存","preservation","保存","보존 하 다.","preservation"
"选择主链","選擇主鏈","Select Key chain","メインチェーンを選択","메 인 체인 선택","selectMainChain"
"扫一扫，向我付款","掃一掃，向我付款","Scan And Pay Me","スキャンしてして、私にお金を払います。","청소 하고 돈 내.","sweepAndPayMe"
"收款地址","收款地址","Receiving Address","入金先","수취 주소","collectionAddress"
"分享","分享","Share","シェアー","함께 나누다","share"
"注意：该地址仅适用于{}链上的转账，请勿用于其它币种","注意：該地址僅適用於{}鏈上的轉帳，請勿用於其它幣種","Note: This address is only applicable to the transfer on the {} chain and should not be used in other currencies","注意：この住所は{}チェーン上の振込にのみ適用されます。他のトーケンには使用しないでください。","주의: 이 주 소 는 {} 체인 의 이체 에 만 적 용 됩 니 다. 다른 화폐 에 사용 하지 마 십시오.","noteThisAddressIsOnlyApplicableToTheTransferOnTheXXXChainAndShouldNotBeUsedInOtherCurrencies"
"添加钱包","添加錢包","Add Wallet","ウォレットを追加","지갑 추가","addWallet"
"切换钱包","切換錢包","Switch Wallet","ウォレットを切り替え","지갑 전환","switchWallet"
"您尚未拥有{}钱包，是否添加钱包？","您尚未擁有{}錢包，是否添加錢包？","You don't have a {} wallet yet. Do you want to add a wallet?","まだウォレットを持っていませんが、ウォレットを追加しますか？","{} 지갑 이 없습니다. 지갑 을 추가 하 시 겠 습 니까?","dapp_addWallet_tip"
"该Dapp只支持{}链，是否切换钱包？","該Dapp只支持{}鏈，是否切換錢包？","This DAPP only supports {} chains. Do you want to switch wallets?","このDappは{}チェーンのみをサポートしていますが、ウォレットを切り替えますか？","이 Dapp 는 {} 체인 만 지원 합 니 다. 지갑 을 전환 하 시 겠 습 니까?","dapp_switchWallet_tip"
"设置新密码","設定新密碼","Set new password","新しいパスワードを設定します","새 비밀번호 설정","setNewPassword"
"修改钱包密码","修改錢包密碼","Change Wallet Password","ウォレットのパスワードを変更","지갑 비밀번호 수정","changeWalletPassword"
"恢复初始设置","恢復初始設定","Restore Initial Settings","初期設定を復元","초기 설정 복원","restoreInitialSettings"
"使用指纹支付","使用指紋支付","Pay with fingerprint","指紋で支払う","지문 으로 지불 하 다","payWithFingerprint"
"使用指纹登录","使用指紋登入","Log in with fingerprint","指紋を登録する","지문 으로 로그 인","logInWithFingerprint"
"使用人脸支付","使用人臉支付","Pay with FaceID","顔認証で支払う","페 이 퍼 페 이 먼 트","payWithFace"
"使用人脸登录","使用人臉登入","Login with FaceID","顔認証でログインする","얼굴 등록 사용","loginWithFace"
"该功能仅限于忘记钱包密码时使用","該功能僅限於忘記錢包密碼時使用","This function is only available when you forget your wallet password","この機能はウォレットのパスワードを忘れた時にのみ使用できます。","이 기능 은 지갑 비밀 번 호 를 잊 어 버 렸 을 때 만 사용 할 수 있 습 니 다.","restoreSettingsTip1"
"我已备份相关的助记词和私钥","我已備份相關的助記詞和私密金鑰","I have backed up the relevant mnemonics and private keys","私は関連のニーモニックコードとプライベートキーをバックアップしました。","나 는 이미 관련 된 보조 단어 와 비밀 키 를 백업 했다.","restoresSettingsTip2"
"我已知晓该功能会清除所有钱包数据","我已知曉該功能會清除所有錢包數據","I know this feature will clear all wallet data","この機能はすべてのウォレットデータをクリアすると知っています。","나 는 이 기능 이 모든 지갑 데 이 터 를 지 울 것 이라는 것 을 이미 알 고 있다.","restoreSettingsTip3"
"我愿意承担该操作所带来的风险","我願意承擔該操作所帶來的風險","I am willing to take the risk of this operation","この操作によるリスクを負担します。","나 는 이 조작 이 가 져 온 위험 을 부담 하고 싶다.","restoreSettingsTip4"
"不会存储用户的{}，一旦丢失将无法找回资产，请妥善保管您的{}","不會存儲用戶的{}，一旦遺失將無法找回資產，請妥善保管您的{}","The user's {} will not be stored. Once it lost, the assets will not be retrieved. Please keep your {} in secure place ","ユーザーの{}は保存されませんので、一度なくしたら資産を取り戻せません。大切に保管してください。","사용자 의 {} 을 저장 하지 않 습 니 다. 잃 어 버 리 면 자산 을 찾 을 수 없습니다. {} 을 잘 보관 하 십시오.","aitdWalletExportLastNotes"
"分享邀请","分享邀請","Share Invitation","紹介をシェアー","초대 공유","myShareInvitation"
"我的","我的","My","私の","나의","mySettings"
"版本更新","版本更新","Version Update","バージョンの更新","버 전 업데이트","myVersionUpdate"
"当前已是最新版本","當前已是最新版本","Is currently the latest version","現在は最新バージョンです。","현재 최신 버 전 입 니 다.","myVersionLatest"
"请输入有效KeyStore文件","請輸入有效KeyStore檔案","Please enter a valid keystore file","有効なKey Storeファイルを入力してください。","유효한 KeyStore 파일 을 입력 하 십시오","pleaseEnterAValidKeystoreFile"
"恢复初始设置会将钱包密码和所有钱包数据（助记词，私钥，Keystore等）抹除，请您务必确认以下内容：","恢復初始設定會將錢包密碼和所有錢包數據（助記詞，私密金鑰，Keystore等）抹除，請您務必確認以下內容：","Restoring the initial settings will erase the wallet password and all wallet data (mnemonics, private keys, keystore, etc.). Please be sure to confirm the following:","初期設定を再開すると、ウォレットのパスワードとウォレットのデータ（プライベートキー、ニーモニックコード、Keystoreなど）を消去しますので、必ず以下の内容を確認してください。","초기 설정 을 복원 하면 지갑 비밀번호 와 모든 지갑 데이터 (보조 단어, 비밀 키, Keystore 등) 를 지 웁 니 다. 다음 내용 을 확인 하 십시오.","restoringSettingsTipTitle"
"功能暂未开放！","功能暫未開放！","The function is not open yet!","機能はまだオープンしていません。","기능 아직 오픈 하지 않 았 습 니 다!","theFunctionIsNotOpenYet"
"修改成功","修改成功","Modified successfully","修正した","수정 성공","modifiedSuccessfully"
"密码长度最小6，最长20","密碼長度最小6，最長20","The minimum password length is 6 characters and the maximum password length is 20 characters","パスワードの長さは最小6、最大20","비밀번호 길이 최소 6, 최대 20","thePasswordLengthTip"
"站内信","站內信","Station Letter ","お知らせ","역 내 편지","mailList"
"全部已读","全部已讀","All read","すべて読みました","모두 읽 음","mail_allRead"
"了解更多","瞭解更多","Learn more","もっと知りたい","더 알 아 보기","learnMore"
"暂无内容","暫無內容","No content Temporarily","内容はまだない","내용 이 없다","noContent"
"信息详情","資訊詳情","Information Details","情報の詳細","정보","mail_informationDetails"
"清除未读","清除未讀","Clear unread","未読メッセージをクリア","읽 지 않 은 항목 지우 기","clearUnread"
"您确定要将所有未读标记为已读吗?","您確定要將所有未讀標記為已讀嗎？","Are you sure you want to mark all unread ?","本当に未読メッセージを既読にしますか？","읽 지 않 은 모든 것 을 읽 은 것 으로 표시 하 시 겠 습 니까?","areYouSureYouWantToMarkAllUnreadAsRead"
"清除","清除","Eliminate","クリア","깨끗이 제거 하 다","eliminate"
"人民币","人民幣","RMB","人民元","인민폐","currency_rmb"
"美元","美元","USDollar","ドル","달러","currency_dollar"
"新加坡元","新加坡元","Singapore Dollar","シンガポールドル","싱가포르 달러","currency_singaporeDollar"
"专业安全
的去中心化钱包","專業安全
的去中心化錢包","Professional and safe 
 decentralized Wallet","専門安全@のは中心に行って財布を溶かします。","전문 안전 @ @ 의 탈 중심 화 지갑","inviteShareTitle"
"Defi入口 · 六链八币 · 链游玩法 · 数据加密","Defi入口·六鏈八幣·鏈遊玩法·資料加密","Defi entry · Six chains and eight coins · Chain game playing method · Data encryption","Defi入口・六鎖八元・チェーン遊び・データ暗号化","Defi 입 구 · 6 체인 8 코 인 · 체인 게임 법 · 데이터 암호 화","inviteShareSubtitle"
"一个值得分享的去中心化钱包","一個值得分享的去中心化錢包","A decentralized wallet worth sharing","共有できる財布を中心にしてください。","나 눌 만 한 탈 중심 화 지갑","inviteShareBottomDec"
"港元","港元","Hong Kong Dollar","香港元","홍콩 달러","currency_hkdollar"
"切换账号","切換帳號","Switch account","アカウントを切り替え","계정 변경","switchAccount"
"复制链接","複製連結","Copy link","リンクをコピー","링크 복사","copyLink"
"刷新","重繪","Refresh","更新","리셋","refresh"
"浏览器中打开","瀏覽器中打開","Open in browser","ブラウザで開く","브라우저에서 열기","openInBrowser"
"链接已复制到剪切板!","連結已複製到剪切板！","Link copied to clipboard!","リンクをクリップボードにコピーしました。","링크가 클립보드에 복사되었습니다!","linkCopiedToClipboard"
"此网页由{}提供","此網頁由{}提供","This page is provided by {}","このウェブページは{}から提供されます","이 웹 페이지는 {}에서 제공합니다.","thisPageIsProvidedBy"
"责任声明","責任聲明","Statement of responsibility","責任声明","책임 선언","statementOfResponsibility"
"您所访问的页面将跳转第三方DAPP {}，您在第三方DAPP上所有行为将使用该第三方DAPP的《用户协议》和《隐私政策》，由{}直接并单独向您承担责任。","您所訪問的頁面將跳轉協力廠商DAPP {}，您在協力廠商DAPP上所有行為將使用該協力廠商DAPP的《用戶協議》和《隱私政策》，由{}直接並單獨向您承擔責任。","The page you visit will jump to the third-party DAPP {}. All your actions on the third-party DAPP will use the user agreement and privacy policy of the third-party DAPP, and {} will be directly and solely responsible to you.","あなたが訪問したページは第三者DAPP｛｝にジャンプします。第三者DAPPでのすべての行為はこの第三者DAPPの「ユーザプロトコル」と「プライバシーポリシー」を使用します。","귀하가 방문한 페이지는 제3자 DAPP {}로 넘어가며 귀하가 제3자 DAPP에서 모든 행위는 이 제3자 DAPP의 와 을 사용하고 {}에서 귀하께 직접 및 단독으로 책임을 집니다.","dappStatementOfResponsibilityInfo"
"我已知晓","我已知曉","I already know","知っています","나는 이미 안다","iAlreadyKnow"
